<?xml version="1.0" encoding="utf-8"?>
<feed xmlns="http://www.w3.org/2005/Atom">
    <title>An Atom news feed example</title>
    <link rel="alternate" type="text/html" href="http://www.example.com/" />
    <link rel="self" type="application/atom+xml" href="http://www.example.com/News/atom.xml" />
    <id>tag:www.example.com,2008-09-29://4</id>
    <updated>2011-08-08T08:03:00Z</updated>
	<entry>
		<title>Bonus materials uploaded</title>
		<link rel="alternate" type="text/html" href="http://www.example.com/News/2011.html#entry-9167" />
		<id>tag:www.example.com,2011://4.9167</id>
		<published>2011-08-08T08:03:00Z</published>
		<updated>2011-08-08T08:03:00Z</updated>
		<summary>New code samples to download</summary>
		<author>
			<name>Dr. Leslie Sikos</name>
		</author>
		<category term="Home Page Stories" scheme="http://www.sixapart.com/ns/types#category" />
		<category term="Web of Services" scheme="http://www.sixapart.com/ns/types#category" />
		<content type="html" xml:lang="en" xml:base="http://www.example.com/">
		<![CDATA[ New code samples are available on the website of the book “Web Standards – Mastering HTML5, CSS3, and XML”. ]]>
		</content>
	</entry>
	<entry>
    <title>New contents on lesliesikos.com</title>
    <link rel="alternate" type="text/html" href="http://www.example.com/News/2011.html#entry-9165" />
    <id>tag:www.example.com,2011://4.9165</id>
    <published>2011-08-07T08:48:00Z</published>
    <updated>2011-08-07T08:48:00Z</updated>
    <summary>New HTML5 and CSS3 tutorials</summary>
    <author>
        <name>Dr. Leslie Sikos</name>
    </author>
    <category term="Home Page Stories" scheme="http://www.sixapart.com/ns/types#category" />
    <category term="Publication" scheme="http://www.sixapart.com/ns/types#category" />
    <category term="Top Story" scheme="http://www.sixapart.com/ns/types#category" />
    <category term="Web Design and Applications" scheme="http://www.sixapart.com/ns/types#category" />
    <content type="html" xml:lang="en" xml:base="http://www.example.com/">
	<![CDATA[ New <a href="http://www.lesliesikos.com/tutorials/">HTML5 and CSS3 tutorials</a> have been published by <a href="http://www.lesliesikos.com">Dr. Leslie F. Sikos</a>. ]]>
    </content>
</entry>
</feed>