<?xml version="1.0"?>
<!DOCTYPE rdf:RDF PUBLIC "-//DUBLIN CORE//DCMES DTD 2002/07/31//EN"
 "http://dublincore.org/documents/2002/07/31/dcmes-xml/dcmes-xml-dtd.dtd">
<rdf:RDF xmlns:rdf="http://www.w3.org/1999/02/22-rdf-syntax-ns#" 
xmlns:dc="http://purl.org/dc/elements/1.1/">
  <rdf:Description>
    <dc:title>Web standards – Mastering HTML5, CSS3, and XML</dc:title>
    <dc:creator>Leslie Sikos</dc:creator>
    <dc:format>Book</dc:format>
    <dc:identifier>ISBN 978 1 4302 4041 9</dc:identifier>
  </rdf:Description>
</rdf:RDF>